0008,メロンパン,FamilyMart,パン,2017-01-17,100,70,/view/img/item/pan_1.png
0009,ハムチーズマヨ,FamilyMart,パン,2017-07-25,102,71,/view/img/item/pan_1.png
0010,コッペパン焼きそば,FamilyMart,パン,2017-05-30,128,90,/view/img/item/pan_1.png
0011,たっぷりクリームデニッシュ,FamilyMart,パン,2016-06-20,93,65,/view/img/item/pan_1.png
0012,もちっとパンケーキ(バナナ&ミルク),FamilyMart,パン,2017-08-01,128,90,/view/img/item/pan_1.png
0013,バターチキンカレーナン,FamilyMart,パン,2017-07-18,128,90,/view/img/item/pan_1.png
0014,冷やしとろろそば,FamilyMart,そば,2017-05-23,426,298,/view/img/item/soba_1.png
0015,ざるそば,FamilyMart,そば,2017-05-23,315,221,/view/img/item/soba_1.png
0016,レンジかき揚げそば,FamilyMart,そば,2016-09-20,369,258,/view/img/item/soba_1.png
0017,冷やしすだちおろしうどん,FamilyMart,うどん,2017-07-25,399,279,/view/img/item/udon_1.png
0018,冷やしきつねうどん,FamilyMart,うどん,2017-07-11,369,258,/view/img/item/udon_1.png
0019,レンジきつねうどん,FamilyMart,うどん,2016-12-27,334,234,/view/img/item/udon_1.png
0020,ファミマのミートソース,FamilyMart,パスタ,2017-04-11,369,258,/view/img/item/pasta_1.png
0021,生パスタカルボナーラ,FamilyMart,パスタ,2017-05-16,462,323,/view/img/item/pasta_1.png
0022,香ばしコーンとツナの和パスタ,FamilyMart,パスタ,2017-06-27,352,246,/view/img/item/pasta_1.png
0023,大盛牛肉のガーリックバター醤油パスタ,FamilyMart,パスタ,2017-08-08,462,323,/view/img/item/pasta_1.png
0024,コールスローサラダ,FamilyMart,サラダ,2017-04-18,100,70,/view/img/item/salad_1.png
0025,ローストチキンのパスタサラダ,FamilyMart,サラダ,2017-06-06,276,193,/view/img/item/salad_1.png
0026,根菜とひじきのごまマヨサラダ,FamilyMart,サラダ,2017-06-27,184,129,/view/img/item/salad_1.png
0027,フレッシュ野菜サラダ,FamilyMart,サラダ,2017-07-11,151,106,/view/img/item/salad_1.png
0028,カレー風味チキン雑穀ボウルサラダ,FamilyMart,サラダ,2017-07-18,462,323,/view/img/item/salad_1.png
0029,おろしぽん酢の豚しゃぶサラダ,FamilyMart,サラダ,2017-08-08,369,258,/view/img/item/salad_1.png
0030,ファミチキ,FamilyMart,ホットスナック,2010-07-20,167,117,/view/img/item/hotsnack_1.png
0031,ジャンボフランク,FamilyMart,ホットスナック,2016-08-09,149,104,/view/img/item/hotsnack_1.png
0032,アメリカンドッグ,FamilyMart,ホットスナック,2017-03-28,100,70,/view/img/item/hotsnack_1.png
0033,炭火焼とりももタレ,FamilyMart,ホットスナック,2017-06-27,119,83,/view/img/item/hotsnack_1.png
0034,キーマカレーパン,FamilyMart,ホットスナック,2017-07-18,119,83,/view/img/item/hotsnack_1.png
0035,海老フライ,FamilyMart,ホットスナック,2017-07-25,175,123,/view/img/item/hotsnack_1.png
0036,コロロ白桃,UHA味覚糖,お菓子,2017-05-16,132,92,/view/img/item/snack_1.png
0037,ドンタコス香ばし塩味,湖池屋,お菓子,2017-06-27,125,88,/view/img/item/snack_1.png
0038,じゃがビーガーリックバター味,カルビー,お菓子,2017-04-18,129,90,/view/img/item/snack_1.png
0039,ポテトチップス濃いめのり塩,FamilyMart,お菓子,2016-08-30,100,70,/view/img/item/snack_1.png
0040,フェットチーネグミメロンソーダ味,ブルボン,お菓子,2017-04-25,100,70,/view/img/item/snack_1.png
0041,波型厚切りポテトチップス　旨みチキン×甘み玉ねぎ,FamilyMart,お菓子,2017-03-28,189,132,/view/img/item/snack_1.png
0042,チョコをつつんだふんわりマシュマロ,FamilyMart,お菓子,2017-02-28,100,70,/view/img/item/snack_1.png
0043,ファミマの天然水-新潟県　津南-555ML,FamilyMart,飲料,2014-05-20,93,65,/view/img/item/drink_1.png
0044,ファミマの天然水-宮崎県　霧島-555ML,FamilyMart,飲料,2014-05-20,93,65,/view/img/item/drink_1.png
0045,麦茶900ML,FamilyMart,飲料,2014-05-20,130,91,/view/img/item/drink_1.png
0046,ストレートティー無糖,FamilyMart,飲料,2017-04-25,130,91,/view/img/item/drink_1.png
0047,ストロベリー　ヨーグルトドリンク,FamilyMart,飲料,2017-02-21,110,77,/view/img/item/drink_1.png
0048,果汁100%のアップル,FamilyMart,飲料,2015-05-26,156,109,/view/img/item/drink_1.png
0049,グリーンスムージー 400G,FamilyMart,飲料,2017-07-18,258,181,/view/img/item/drink_1.png
0050,-196℃山形県ラ・フランスのお酒　350ML,サントリー,お酒,2017-08-08,151,106,/view/img/item/alcohol_1.png
0051,-196℃山形県ラ・フランスのお酒　500ML,サントリー,お酒,2017-08-08,206,144,/view/img/item/alcohol_1.png
0052,ビアサプライズ　至福のキレ　350ML,サッポロ,お酒,2017-08-01,207,145,/view/img/item/alcohol_1.png
0053,ビアサプライズ　至福のキレ　500ML,サッポロ,お酒,2017-08-01,271,190,/view/img/item/alcohol_1.png
0054,国産梅100%の本格梅酒,FamilyMart,お酒,2017-03-21,554,388,/view/img/item/alcohol_1.png
0055,やさしいオフ　350ML,FamilyMart,お酒,2015-09-18,131,92,/view/img/item/alcohol_1.png
0056,シークヮーサー泡盛　300ML,FamilyMart,お酒,2015-08-18,256,179,/view/img/item/alcohol_1.png
0057,ベジタブルおっとっとアイス　コンソメ味,森永,アイス,2017-05-30,130,91,/view/img/item/icecream_1.png
0058,でっかいバニラモナカ,FamilyMart,アイス,2013-04-23,110,77,/view/img/item/icecream_1.png
0059,アルフォンソマンゴー,FamilyMart,アイス,2015-04-21,232,162,/view/img/item/icecream_1.png
0060,チョコバニラバー,FamilyMart,アイス,2016-09-13,80,56,/view/img/item/icecream_1.png
0061,生チョコアイスバー,FamilyMart,アイス,2016-11-22,167,117,/view/img/item/icecream_1.png
0062,果汁入りフルーツバー　マルチ,FamilyMart,アイス,2013-04-22,189,132,/view/img/item/icecream_1.png
0063,スーパーソフト　ショコラ&バニラ,赤城,アイス,2017-08-08,184,129,/view/img/item/icecream_1.png
0064,ごろんとチキンライス,FamilyMart,冷凍食品,2016-11-08,267,187,/view/img/item/reitou_1.png
0065,ごくぷりエビピラフ,FamilyMart,冷凍食品,2016-11-08,267,187,/view/img/item/reitou_1.png
0066,生パスタ　コクが豊かなボロネーゼ,FamilyMart,冷凍食品,2016-12-06,258,181,/view/img/item/reitou_1.png
0067,ふっくら旨いミックスお好み焼,FamilyMart,冷凍食品,2017-01-17,230,161,/view/img/item/reitou_1.png
0068,トマト感じるマルゲリータピッツァ,FamilyMart,冷凍食品,2017-02-13,276,193,/view/img/item/reitou_1.png
0069,焼き目がパリパリ！羽根つき餃子,FamilyMart,冷凍食品,2017-07-18,175,123,/view/img/item/reitou_1.png
0070,ペーパーカップ　20個入,FamilyMart,日用品,2013-04-30,175,123,/view/img/item/nichiyouhin_1.png
0071,キッチンブリーチ,FamilyMart,日用品,2013-05-14,84,59,/view/img/item/nichiyouhin_1.png
0072,コットン綿棒,FamilyMart,日用品,2017-02-07,245,172,/view/img/item/nichiyouhin_1.png
0073,アウスレーゼ ヘアリキッドN<ヘアリキッド> 100mL,資生堂,日用品,2017-04-04,900,630,/view/img/item/nichiyouhin_1.png
0074,アウスレーゼ トロッケン ヘアトニック<スカルプ>,資生堂,日用品,2017-04-04,900,630,/view/img/item/nichiyouhin_1.png
0075,アウスレーゼ トロッケン リンスインシャンプー<シャンプー>300mL,資生堂,日用品,2017-04-04,680,476,/view/img/item/nichiyouhin_1.png
0076,ふんわり玉子！デミオムライス,FamilyMart,お弁当,2016-12-06,417,292,/view/img/item/obentou_1.png
0077,こだわりカレー,FamilyMart,お弁当,2017-04-25,276,193,/view/img/item/obentou_1.png
0078,プルコギチャプチェ丼,FamilyMart,お弁当,2017-07-04,462,323,/view/img/item/obentou_1.png
0079,若鶏のジューシー唐揚弁当,FamilyMart,お弁当,2017-07-11,426,298,/view/img/item/obentou_1.png
0080,鶏そぼろ弁当,FamilyMart,お弁当,2017-07-26,276,193,/view/img/item/obentou_1.png
0081,炙り焼 ダブルカルビ重,FamilyMart,お弁当,2017-08-08,510,357,/view/img/item/obentou_1.png
0082,北海道産小豆のつぶあんまん,FamilyMart,中華まん,2016-08-23,112,78,/view/img/item/chukaman_1.png
0083,チーズたっぷりピザまん,FamilyMart,中華まん,2016-08-23,112,78,/view/img/item/chukaman_1.png
0084,具たっぷり肉まん,FamilyMart,中華まん,2016-08-23,112,78,/view/img/item/chukaman_1.png
0085,ファミマプレミアム肉まん,FamilyMart,中華まん,2016-09-06,167,117,/view/img/item/chukaman_1.png
0086,本格肉まん,FamilyMart,中華まん,2016-10-04,121,85,/view/img/item/chukaman_1.png
0087,厚切大根,FamilyMart,おでん,2017-08-01,75,53,/view/img/item/oden_1.png
0088,つみれ,FamilyMart,おでん,2017-08-01,102,71,/view/img/item/oden_1.png
0089,ちくわぶ,FamilyMart,おでん,2017-08-01,93,65,/view/img/item/oden_1.png
0090,こだわり味付玉子,FamilyMart,おでん,2017-08-01,84,59,/view/img/item/oden_1.png
0091,はんぺん,FamilyMart,おでん,2017-08-01,98,69,/view/img/item/oden_1.png
0092,熟成あらびきウインナー,FamilyMart,おでん,2017-08-01,112,78,/view/img/item/oden_1.png
0093,シュウマイ巻,FamilyMart,おでん,2017-08-01,121,85,/view/img/item/oden_1.png
0094,国産こんにゃく,FamilyMart,おでん,2017-08-01,75,53,/view/img/item/oden_1.png
0095,白もつ七味炒め,FamilyMart,ファミデリカ,2017-08-08,241,169,/view/img/item/famidelica_1.png
0096,軟骨入り鶏つくね・わさび,FamilyMart,ファミデリカ,2017-07-25,241,169,/view/img/item/famidelica_1.png
0097,細切り昆布煮(本がえし仕立て),FamilyMart,ファミデリカ,2017-07-18,128,90,/view/img/item/famidelica_1.png
0098,チーズサラミ切り落とし,FamilyMart,ファミデリカ,2017-07-18,119,83,/view/img/item/famidelica_1.png
0099,ひじき煮,FamilyMart,ファミデリカ,2017-06-20,119,83,/view/img/item/famidelica_1.png
0100,肉じゃが,FamilyMart,ファミデリカ,2017-02-21,276,193,/view/img/item/famidelica_1.png
0001,手巻　紅じゃけ,FamilyMart,おにぎり,2017-07-26,130,91,/view/img/item/onigiri_1.png
0002,手巻　北海道産昆布,FamilyMart,おにぎり,2017-07-26,102,71,/view/img/item/onigiri_1.png
0003,ばくだんおむすび　鶏唐揚げ&カレー,FamilyMart,おにぎり,2017-07-18,213,149,/view/img/item/onigiri_1.png
0004,まるごと半熟煮玉子おむすび,FamilyMart,おにぎり,2017-07-18,213,149,/view/img/item/onigiri_1.png
0005,赤飯おむすび,FamilyMart,おにぎり,2017-02-28,121,85,/view/img/item/onigiri_1.png
0006,梅と梅しそおむすび,FamilyMart,おにぎり,2017-06-20,112,78,/view/img/item/onigiri_1.png
0007,キムチ炒飯おむすび,FamilyMart,おにぎり,2017-08-08,121,85,/view/img/item/onigiri_1.png
